45.4	-42.3	57.5	-52.8	Adams' Beach Portal
66.5	14.1	28.8	-36.8	Adept's Domain Portal
-0.9	19.0	1.6	36.1	Adventurer's Haven Cottages Portal
42.1	33.6	84.1	47.2	Aerlinthe Island (Instance)
42.1	33.6	84.1	47.2	Aerlinthe Island (Player Killer)
-33.5	12.9	-21.7	18.4	Ahr-Zona Portal
-31.3	72.6	-28.2	75.1	Aimaru Plains Cottages Portal
5.8	4.3	-12.1	-2.7	Al-Arqis Cottages Portal
-33.5	13.2	-34.5	18.1	Al-Hatar Settlement Portal
-33.6	13.1	-33.2	9.8	Al-Kasan Settlement Portal
-49.2	26.0	-47.1	16.9	Al-Mar Oasis Portal
-33.4	13.1	-12.1	14.4	Al-Nosaj Portal
5.8	4.3	20.0	10.4	Alfreth Ridge Cottages Portal
45.5	-42.4	50.3	-26.4	Aloria Portal
32.9	59.5	68.2	40.7	Alvador Portal
27.8	29.4	38.7	-9.6	Amarand Villas Portal
66.5	14.1	69.5	-4.0	Anadil Portal
-22.5	0.2	-7.1	-2.7	Aqalah Portal
-49.5	25.9	-39.9	33.0	Ardent Realm Portal
-30.5	94.5	-16.7	77.1	Ariake Portal
-24.9	29.8	-23.0	37.2	Arida Butte Portal
-33.5	13.2	-24.7	15.2	Arqasanti Portal
-24.8	29.6	-9.6	4.6	Arrak Portal
-41.4	82.1	64.8	72.1	Arrowdale Cottages Portal
32.9	59.6	-84.7	12.8	Artifice Cottages Portal
17.5	61.6	56.9	-27.1	Asandra Cottages Portal
2.1	50.5	-0.9	39.9	Asbel Domain Portal
16.2	69.3	21.3	69.2	Asheron's Castle
17.9	64.3	16.1	69.3	Asheron's Island
45.3	-42.3	51.9	-45.6	Auralla Settlement Portal
27.9	29.6	23.3	26.5	Auroch Pasture Estates Portal
-49.3	25.9	-56.9	20.6	Avatania Cottages Portal
-74.9	17.6	30.5	-40.7	Axefall Glen Portal
-27.1	59.9	-39.0	55.4	Ayn Tayan Portal
-74.8	17.9	84.1	-31.1	Azaroth Cottages Portal
-76.0	-67.1	65.0	49.3	Bandit Castle
42.5	60.5	65.0	49.3	Bandit Castle Portal
45.8	-8.0	65.0	49.3	Bandit Castle Portal
66.2	14.3	71.1	43.7	Bandit Road Villas Portal
33.1	59.5	64.9	37.6	Baron's Domain Portal
19.5	17.5	19.6	17.0	Base of Mt. Alphus
20.2	15.0	19.6	17.0	Base of Mt. Alphus
11.2	12.2	11.6	12.3	Base of Mt. Syliph
42.3	-77.9	42.0	-77.8	Base of the Cliffs Portal
44.1	-77.8	43.9	-77.7	Base of the Timaru Plateau Portal
5.7	4.3	1.7	-5.1	Bay of Sands Portal
17.6	61.4	47.4	69.6	Beach Pass Villas Portal
-9.4	-71.9	23.6	63.5	Beachside
71.7	-61.0	79.2	-68.0	Beacon Tower
79.2	-68.0	71.7	-61.0	Beacon Tower Exit
80.2	-68.2	71.7	-61.0	Beacon Tower Exit
80.2	-67.8	71.7	-61.0	Beacon Tower Exit
80.4	-68.0	71.7	-61.0	Beacon Tower Exit
28.0	29.5	14.7	19.4	Bellig Mesa Cottages Portal
-49.4	25.9	-41.2	26.8	Bhah Dhah Villas Portal
-62.2	-50.5	-62.4	-52.3	Black Hill
-27.2	60.0	-27.8	46.8	Blackmire Edge Cottages Portal
-10.4	45.6	27.9	-3.8	Blazing Wand Villas Portal
-33.5	13.0	-14.5	9.6	Bleached Skull Wastes Settlement Portal
33.0	59.5	53.5	41.7	Bleak Valley Portal
-41.5	82.2	-20.3	78.5	Bluewater Cottages Portal
-83.0	48.1	73.6	-42.3	Brazenn Domain Portal
66.2	14.3	68.1	36.7	Bretslef Cottages Portal
-49.3	26.0	-60.9	24.9	Brigand Sands Cottages Portal
-74.8	17.8	-89.5	31.0	Brigands Bay Settlement Portal
12.8	-1.7	25.7	-0.8	Bright Blade Cottages Portal
-10.4	45.7	-12.1	63.5	Broadacre Cottages Portal
33.1	59.5	72.1	55.2	Broken Haft Vale Portal
-24.8	29.8	-16.9	37.2	Broken Sword Bethel Settlement Portal
5.8	4.3	41.3	15.6	Bucolic Villas Portal
-1.0	18.9	-9.0	24.8	Cactus Acres Portal
45.5	-42.3	55.2	-49.6	Caerlin Cottages Portal
32.9	59.4	30.1	65.8	Cape Feirgard Cottages Portal
75.9	-61.3	82.1	-74.2	Cataracts of Sabella
66.5	14.2	92.2	9.9	Celcynd Cottages Portal
66.4	14.3	86.7	29.4	Celdiseth's Beach Settlement Portal
23.9	-28.0	56.1	-75.2	Central Tuatara Plains Portal
-25.0	29.8	-0.2	30.4	Charbone Ridge Portal
-0.8	19.1	39.3	4.0	Charnhold Portal
-31.3	72.6	-29.3	70.0	Chi Zou Cottages Portal
26.3	46.3	59.3	40.9	Colier View Hill Portal
26.2	46.3	20.1	43.6	Cragstone Farms Portal
-39.4	81.3	25.9	48.4	Cragstone Portal
22.2	51.9	25.3	50.0	Cragstone Portal
-10.4	45.8	-14.6	66.4	Crescent Lane Cottages Portal
32.9	59.6	83.3	28.8	Dagger Vale Portal
-30.4	94.5	42.5	-26.3	Dame Tolani Villas Portal
16.6	-1.6	23.2	-29.9	Danby's Outpost
-0.9	19.1	35.3	-8.7	Darasa Villas Portal
2.2	50.5	9.5	40.7	Darawyll Village Portal
12.6	-1.6	36.0	-24.1	Deepvale Cottages Portal
32.8	59.4	57.8	2.4	Defiant Prey Cottages Portal
-24.9	29.5	8.9	32.0	Demonsbane Cottages Portal
17.4	61.6	7.1	-9.1	Desert Boundary Cottages Portal
-33.4	13.1	-15.2	13.7	Desert Mirage Cottages Portal
-72.2	90.6	17.6	19.6	Desert Northern Edge Portal
-78.1	-48.6	-5.6	40.0	Desert Ridge Border
-72.7	14.0	-5.6	40.0	Desert Ridge Border
-11.2	37.4	-5.6	40.0	Desert Ridge Border
54.3	-4.2	-5.6	40.0	Desert Ridge Border
-49.3	25.9	-43.9	11.8	Desert Vanguard Cottages Portal
69.7	-20.2	82.4	-43.5	Desolation Beach  Portal
40.1	-76.1	46.1	-89.8	Destroyed Ahurenga Portal
68.6	-20.7	46.1	-89.8	Destroyed Ahurenga Portal
-48.1	24.6	7.2	5.0	Destroyed Al-Jalima Portal
33.6	57.2	7.2	5.0	Destroyed Al-Jalima Portal
-82.6	63.8	-49.3	62.9	Destroyed Baishi Portal
-61.5	52.7	-49.3	62.9	Destroyed Baishi Portal
-58.8	-88.4	-49.3	62.9	Destroyed Baishi Portal
-34.4	64.7	16.9	63.5	Destroyed Eastham Portal
-82.6	-70.2	29.8	26.4	Destroyed Glenden Wood Portal
21.5	-51.6	29.8	26.4	Destroyed Glenden Wood Portal
36.7	29.1	29.8	26.4	Destroyed Glenden Wood Portal
-47.7	25.0	-53.9	74.3	Destroyed Lin Portal
9.5	60.0	1.1	51.7	Destroyed Lytelthorpe Portal
-86.2	-0.7	-61.9	82.5	Destroyed Mayoi Portal
-83.6	-34.6	-61.9	82.5	Destroyed Mayoi Portal
-66.4	60.1	-61.9	82.5	Destroyed Mayoi Portal
54.4	-4.1	-61.9	82.5	Destroyed Mayoi Portal
29.3	-52.0	44.5	-43.1	Destroyed Plateau Portal
26.2	63.9	33.3	56.6	Destroyed Portal to Arwic
40.9	55.8	33.3	56.6	Destroyed Portal to Arwic
-52.7	79.8	39.5	-75.3	Destroyed Portal to Bluespire
-28.3	13.6	39.5	-75.3	Destroyed Portal to Bluespire
1.2	54.0	39.5	-75.3	Destroyed Portal to Bluespire
47.4	-88.9	39.5	-75.3	Destroyed Portal to Bluespire
14.8	0.7	25.9	48.4	Destroyed Portal to Cragstone
52.2	3.0	25.9	48.4	Destroyed Portal to Cragstone
70.4	-34.5	25.9	48.4	Destroyed Portal to Cragstone
71.2	-61.3	90.3	-43.3	Destroyed Portal to Eastwatch
-33.6	72.4	43.2	-66.8	Destroyed Portal to Greenspire
-21.7	-1.8	43.2	-66.8	Destroyed Portal to Greenspire
11.1	59.6	43.2	-66.8	Destroyed Portal to Greenspire
40.6	-82.4	43.2	-66.8	Destroyed Portal to Greenspire
-88.2	-64.6	-38.9	82.6	Destroyed Portal to Hebian-To
23.6	-7.7	-38.9	82.6	Destroyed Portal to Hebian-To
25.4	47.8	-38.9	82.6	Destroyed Portal to Hebian-To
-1.6	18.4	42.1	33.6	Destroyed Portal to Holtburg
1.7	49.9	42.1	33.6	Destroyed Portal to Holtburg
10.1	57.4	42.1	33.6	Destroyed Portal to Holtburg
38.3	-75.5	42.1	33.6	Destroyed Portal to Holtburg
54.2	-4.1	42.1	33.6	Destroyed Portal to Holtburg
57.6	37.6	42.1	33.6	Destroyed Portal to Holtburg
70.5	-8.1	42.1	33.6	Destroyed Portal to Holtburg
72.3	-60.7	42.1	33.6	Destroyed Portal to Holtburg
-54.9	73.1	-47.5	25.6	Destroyed Portal to Khayyaban
7.5	5.1	-47.5	25.6	Destroyed Portal to Khayyaban
-70.2	84.6	-74.6	84.2	Destroyed Portal to Kryst
40.5	-83.7	-52.2	82.5	Destroyed Portal to Nanto
-15.9	46.7	40.6	-83.0	Destroyed Portal to Redspire
-3.5	22.4	40.6	-83.0	Destroyed Portal to Redspire
42.6	33.4	40.6	-83.0	Destroyed Portal to Redspire
43.3	-68.2	40.6	-83.0	Destroyed Portal to Redspire
70.1	-61.9	40.6	-83.0	Destroyed Portal to Redspire
2.3	52.0	10.8	59.3	Destroyed Portal to Rithwic
-32.6	14.4	-3.2	19.0	Destroyed Portal to Samsur
-34.3	73.4	72.1	-60.9	Destroyed Portal to Sanamar
-22.1	-1.5	72.1	-60.9	Destroyed Portal to Sanamar
40.8	-83.1	72.1	-60.9	Destroyed Portal to Sanamar
41.0	35.5	72.1	-60.9	Destroyed Portal to Sanamar
72.9	-73.2	72.1	-60.9	Destroyed Portal to Sanamar
90.3	-43.2	72.1	-60.9	Destroyed Portal to Sanamar
-14.7	46.5	-33.5	72.8	Destroyed Portal to Shoushi
11.0	59.3	-33.5	72.8	Destroyed Portal to Shoushi
72.3	-60.7	-33.5	72.8	Destroyed Portal to Shoushi
-54.0	73.9	-30.4	94.7	Destroyed Portal to Tou-Tou
7.1	4.5	-30.4	94.7	Destroyed Portal to Tou-Tou
33.8	56.4	-30.4	94.7	Destroyed Portal to Tou-Tou
71.2	-61.3	72.8	-73.4	Destroyed Portal to Westwatch
-52.7	80.3	-10.7	46.5	Destroyed Portal to Yanshi
91.3	49.7	-10.7	46.5	Destroyed Portal to Yanshi
-71.0	52.3	-21.5	-1.8	Destroyed Portal to Yaraq
-12.1	46.3	-21.5	-1.8	Destroyed Portal to Yaraq
-3.8	18.6	-21.5	-1.8	Destroyed Portal to Yaraq
42.5	-67.5	-21.5	-1.8	Destroyed Portal to Yaraq
72.3	-60.7	-21.5	-1.8	Destroyed Portal to Yaraq
23.4	-7.8	13.5	0.7	Destroyed Portal to Zaikhal
26.4	48.6	13.5	0.7	Destroyed Portal to Zaikhal
82.2	-50.2	13.5	0.7	Destroyed Portal to Zaikhal
83.1	-51.4	13.5	0.7	Destroyed Portal to Zaikhal
83.4	-49.3	13.5	0.7	Destroyed Portal to Zaikhal
84.1	-50.4	13.5	0.7	Destroyed Portal to Zaikhal
-82.2	-36.5	-74.7	19.6	Destroyed Qalaba'r Portal
14.7	-0.8	-74.7	19.6	Destroyed Qalaba'r Portal
-82.5	63.8	-29.1	58.9	Destroyed Sawato Portal
-73.5	-36.2	-29.1	58.9	Destroyed Sawato Portal
85.8	-27.6	68.7	-21.8	Destroyed Stonehold Portal
-60.6	-88.1	-24.8	28.4	Destroyed Uziz Portal
2.2	50.3	-1.7	33.6	Devana Portal
5.7	4.2	11.1	23.5	Dillo Butte Settlement Portal
45.5	-42.3	23.1	-54.2	Dire's Edge Portal
72.2	-35.6	-88.3	-64.5	Direlands Midland Portal
-74.0	-52.4	5.8	-91.0	Direlands Northwest Shore Portal
-74.2	-52.4	-42.9	-63.5	Direlands Valleys Portal
69.7	-20.2	78.1	-16.9	Dires' Door Estates Portal
-83.0	48.1	33.0	-22.2	Direvale Villas Portal
-25.0	29.8	-16.1	21.4	Djebel al-Nar Cottages Portal
-33.4	13.2	-22.3	11.1	Djinaya Wind Cottages Portal
-1.1	18.9	24.2	10.5	Dovetail Valley Villas Portal
-65.3	-43.3	-65.3	-43.4	Down to Surface
-33.6	13.2	-29.5	18.8	Dry Bone Manors Portal
-30.5	94.6	-12.8	77.2	Dryreach Beach Cottages Portal
17.4	61.5	-3.9	76.3	Dryreach Beach Manors Portal
-25.1	29.8	-8.8	28.0	Drytree Settlement Portal
-49.5	26.0	-47.5	19.9	Dunes End Cottages Portal
69.7	-20.3	42.5	4.7	Durglen Portal
5.7	4.4	7.7	17.7	East Al-Jalima Villas Portal
12.6	-1.7	24.9	-23.9	East Danby Portal
-8.1	74.5	-39.8	-54.1	East Direlands Swamp
66.3	14.3	72.5	28.0	East Esper Valley  Portal
2.2	50.4	0.2	57.9	East Lytelthorpe Settlement Portal
69.7	-20.1	35.2	-15.1	East Morntide Settlement Portal
45.4	-42.4	38.5	-12.7	East Morntide Villas Portal
8.7	60.9	10.4	66.3	East Rithwic Estates Portal
-27.2	59.9	-27.6	63.9	East Sawato Settlement Portal
32.9	59.4	32.9	48.4	East Span Way Settlement Portal
-72.4	82.2	18.5	65.8	Eastham Beach Portal
27.8	29.5	32.5	18.5	Eaves of Tiofor Settlement Portal
-74.8	17.7	-61.7	14.5	Ebbing Tide Villas Portal
12.7	-1.6	27.0	-18.2	Embara Portal
-27.1	59.9	-38.2	43.3	Empyrean Fields Cottages Portal
69.7	-20.2	83.4	-40.3	Empyrean Shore Villas Portal
2.1	50.4	5.7	36.9	Enchanter's Meadow Portal
32.9	59.5	41.0	60.7	Eotensfang Cottages Portal
65.0	49.3	42.3	60.5	Eotensfang Portal
-49.3	26.0	-56.9	35.3	Erevana Villas Portal
40.2	35.1	41.6	40.7	Evensong Settlement Portal
-35.1	33.7	-34.0	33.5	Exit
-29.6	91.3	-29.0	91.7	Exit
12.1	2.3	12.4	2.1	Exit
88.9	-67.8	89.2	-67.8	Exit Karlun's Fort
-2.8	-82.8	-4.5	-84.4	Exit Portal
-2.8	-82.8	-4.5	-81.2	Exit Portal
-27.1	60.0	61.5	65.7	Explorer's Villas Portal
45.3	-42.4	48.8	-43.9	Fadsahil Settlement Portal
32.9	59.4	54.4	59.5	Far Claw Villas Portal
26.1	46.3	92.9	-2.4	Far Horizon Cottages Portal
-10.2	45.6	-15.2	41.0	Faranar Foothills Portal
5.7	4.2	24.1	-19.1	Fearnot Valley Cottages Portal
17.5	61.4	13.4	63.4	Filos' Font Cottages Portal
27.8	29.6	46.5	10.6	Firedew Portal
-10.4	45.7	38.4	-26.3	Firesong Cottages Portal
76.6	-58.6	95.9	-56.8	Fiun Outpost
-60.8	80.2	-62.3	68.9	Font Alpa Portal
26.2	46.3	14.1	37.8	Forgotten Hills Portal
12.4	2.3	12.2	2.4	Four Towers Entrance
5.7	4.3	12.4	5.6	Four Towers Settlement Portal
-63.9	97.2	-64.1	97.5	Freebooter Keep
66.4	14.3	77.6	6.4	Frosty Dale Cottages Portal
8.7	60.8	6.3	62.9	Gaerwel Edge Settlement Portal
28.0	29.5	34.4	-11.9	Genem Causland Portal
12.6	-1.6	17.6	-12.7	Gharu'n Victory Villas Portal
27.9	29.5	32.2	31.0	Glenden Hills East Settlement Portal
27.9	29.5	35.0	26.8	Glenden Hills North Settlement Portal
8.8	60.9	64.1	29.5	Glystaene Cottages Portal
-74.9	17.7	-60.1	32.1	Gredaline Villas Portal
-1.0	18.9	7.4	24.6	Greenswath Portal
66.5	14.2	80.0	11.3	Greenvale Settlement Portal
-87.5	-67.2	-87.6	-67.1	Ground Portal
26.2	46.3	73.1	61.0	Haliana Portal
-33.6	13.0	-21.6	15.2	Hamud Cottages Portal
32.8	59.3	50.4	69.7	Hand-on-Sword Cottages Portal
-83.0	48.0	28.1	-22.4	Harmonious Blade Cottages Portal
-61.8	40.0	22.6	37.2	Heartland
-57.1	-68.9	22.6	37.2	Heartland
-31.4	37.0	22.6	37.2	Heartland
-2.5	-85.7	22.6	37.2	Heartland
68.9	-21.3	22.6	37.2	Heartland
-73.2	18.1	-38.9	82.6	Hebian-to Portal
12.7	-1.7	22.1	0.7	Helms Villas Portal
17.5	61.6	14.6	30.5	Hermit Hill Cottages Portal
45.6	-42.4	30.6	-45.4	Hero's Vale Portal
69.6	-20.3	59.3	-19.1	Hidden Valley Portal
-61.9	40.0	-65.2	60.3	High Mountain Valley
26.4	63.9	-65.2	60.3	High Mountain Valley
28.0	29.5	63.2	16.9	Highland Manors Portal
-72.6	13.8	32.8	34.7	Hilltop
1.7	-71.5	32.8	34.7	Hilltop
59.7	-4.0	32.8	34.7	Hilltop
64.8	13.5	32.8	34.7	Hilltop
40.2	35.1	40.7	47.2	Holtburg Wilderness Settlement Portal
-24.9	29.5	32.8	-34.3	Hopevale Portal
28.0	29.4	28.6	17.7	Howling Wolf Villas Portal
66.5	14.2	52.4	5.4	Ianna Portal
69.7	-20.3	64.0	-16.7	Ice's Edge Cottages Portal
27.9	29.4	25.8	30.0	Iceea Hills Estates Portal
-22.4	0.3	-33.0	4.5	Ijaniya  Portal
-82.9	48.2	-59.9	35.2	Ikama Cottages Portal
-10.4	45.6	-15.9	60.7	Imuth Maer Cottages Portal
-60.9	80.3	26.4	-33.6	Inquisitor's Dale Cottages Portal
-82.9	48.2	-81.5	51.6	Ishilai Inlet Settlement Portal
-82.9	48.0	-84.7	51.5	Ishilai Inlet Villas Portal
-85.0	-47.8	22.6	51.9	Isle of Tears Portal
25.2	49.9	22.6	51.9	Isle of Tears Portal
26.2	46.3	52.6	28.0	Ispan Hill Portal
8.7	60.8	65.0	65.7	Isparian Flame Estates Portal
-63.1	96.0	-82.6	88.8	Ithaenc Archipelago
5.7	4.3	-0.1	8.5	Jackcat Canyon Portal
-50.1	63.5	-45.6	59.2	Jai-Tan Dale Portal
-0.9	19.0	-7.0	22.3	Janaa Ridge Settlement Portal
-50.2	63.4	-44.7	49.6	Jasmine Meadow Portal
-10.2	45.6	-4.7	44.6	Jenshi Cottages Portal
32.9	59.3	53.7	70.4	Jeweled Thorn Estates Portal
2.1	50.4	-7.2	60.5	Jin-Lai Stronghold Portal
-27.2	60.0	-27.6	43.3	Jinianshi Portal
-49.4	26.0	-51.1	36.2	Kanasa Portal
55.9	-75.0	38.1	-77.7	Karab Delta Portal
89.0	-67.6	88.8	-67.9	Karlun's Fort
-50.0	63.5	-46.6	41.5	Kelnen Village Portal
8.7	61.0	9.6	36.9	King Pwyll Square Portal
-27.2	60.0	-35.9	40.8	Kuyiza Portal
-60.9	80.3	74.4	-46.3	Lady Maila Estates Portal
69.7	-20.3	67.5	-16.8	Laiti's Villa Portal
17.5	61.4	16.7	57.3	Lake Blessed Cottages Portal
69.6	-20.2	62.8	0.1	Lake NemuelSettlement Portal
-82.9	48.0	-72.0	42.4	Lake Thrasyl Cottages Portal
27.8	29.5	37.8	0.7	Lanadryll Cottages Portal
-74.9	17.9	-87.2	3.5	Land Bridge Villas Portal
45.5	-42.4	23.2	-46.2	Last-Stop-Before-Dires Villas Portal
8.7	60.9	12.9	52.9	Leafdawning Settlement Portal
-10.4	45.6	-31.8	46.5	Li-Po Cottages Portal
-10.4	45.7	-9.0	41.8	Liang Chi Settlement Portal
69.7	-20.3	81.8	-17.7	Lightbringer Dale Cottages Portal
40.2	35.1	48.0	29.2	Lilyglen Cottages Portal
-50.1	63.5	-48.8	69.7	Lin Kiln Park Portal
-74.9	17.8	-82.4	31.4	Linvak Tukal Foothills Settlement Portal
45.4	-42.3	53.2	-36.2	Lithaenean Cottages Portal
-27.3	59.9	-34.3	52.7	Lo-Han Portal
69.6	-20.3	81.0	-11.2	Lord Cambarth Villas Portal
12.7	-1.6	9.3	-12.7	Loredane Villas Portal
26.2	46.4	19.3	26.4	Lost Realm Cottages Portal
33.1	59.5	40.0	63.2	Lost Wish Cottages Portal
-60.8	80.3	-74.5	65.9	Lugian Meadows Settlement Portal
2.2	50.3	-8.9	64.5	Maedew Portal
-50.1	63.4	-52.8	52.9	Mage's Pass Portal
5.6	4.3	-54.4	15.4	Mahara Cottages Portal
12.7	-1.7	25.5	6.7	Maitland  Portal
12.7	-1.7	30.9	9.0	Majestic Hill Cottages Portal
-41.6	82.2	39.5	-22.5	Majestic Saddle Cottages Portal
-74.9	17.7	-68.8	30.6	Mattekar Slopes Cottages Portal
-79.2	96.9	-60.8	82.8	Mayoi Beach Portal
-1.0	18.9	15.3	26.3	Maythen Geroyu Villas Portal
-60.8	80.3	-49.4	84.8	Meditation Meadow Portal
26.3	46.3	19.8	39.1	Meerthus Square Portal
66.5	14.2	26.5	-36.7	Merak Portal
8.7	60.9	6.7	54.7	Meridian Cottages Portal
17.6	61.4	84.9	1.6	Midhill Cottages Portal
5.7	4.3	-0.6	-1.2	Midsong Cottages Portal
5.6	4.3	25.0	-3.9	Mimiana Villas Portal
-27.3	60.0	-21.6	60.9	Mire Hill Portal
5.7	4.4	23.2	-42.3	Mirthless Dale Portal
27.8	29.5	30.6	14.6	Mistdweller Villas Portal
-33.6	13.1	-37.9	16.0	Monument Sands Settlement Portal
-25.1	29.8	32.0	-15.1	Morntide Ascent Cottages Portal
-31.3	72.6	-22.2	73.5	Mosswart Place Cottages Portal
20.8	18.5	19.7	17.8	Mount Alphus
40.2	35.1	50.3	35.4	Mountain Keep Cottages Portal
66.2	14.1	58.5	-0.7	Mountain Retreat Cottages Portal
28.0	29.5	34.5	22.5	Mountain Ridge Abodes Portal
34.9	56.0	41.0	56.0	Mountain Shortcut
19.5	16.9	20.2	15.8	Mt. Alphus Valley
11.6	12.3	11.2	12.2	Mt. Syliph Plain
5.7	4.3	4.3	12.3	Musansayn Portal
-1.0	19.0	4.6	20.7	Nal Wadi Cottages Portal
12.8	-1.6	31.3	-25.5	Nalib Cavana Settlement Portal
-30.5	94.5	-48.9	88.5	Nan-Zari Portal
-0.9	19.0	-9.4	11.4	Naqut Dreams Villas Portal
-27.1	59.9	-15.8	72.9	Narsys Portal
-24.8	29.7	-19.5	32.9	Narziz Cottages Portal
2.1	50.4	-7.1	56.9	Neu Gerz Villas Portal
8.8	60.9	66.5	57.6	New Cannthalo Portal
40.2	35.1	61.1	31.2	New Colier Portal
66.2	14.2	53.6	10.4	New Nesortania Portal
12.7	-1.6	18.8	4.2	New Suntik Portal
66.3	14.3	70.9	23.0	Neydisa Village Portal
5.6	4.3	15.3	-17.5	Nidal-Taraq Villas Portal
-82.9	48.2	75.6	52.2	Norstead Portal
-82.8	48.1	-76.0	53.6	North Adjamaer Cottages Portal
-50.1	63.5	-45.0	63.3	North Baishi Cottages Portal
15.7	14.2	14.6	13.2	North Dalt
-72.7	-43.2	-4.7	-3.1	North Desert Edge
-11.4	37.5	-4.7	-3.1	North Desert Edge
19.8	-3.3	-4.7	-3.1	North Desert Edge
61.6	-10.2	-4.7	-3.1	North Desert Edge
-80.2	-42.3	24.4	-53.9	North Direlands Portal
20.9	25.9	24.4	-53.9	North Direlands Portal
61.4	-10.2	24.4	-53.9	North Direlands Portal
17.4	61.5	22.9	60.3	North Eastham Meadow Portal
17.3	16.0	16.3	14.7	North Gemm
2.2	50.5	6.4	49.0	North Lytelthorpe Villas Portal
66.4	14.3	55.2	4.8	North Pass Hollow Cottages Portal
-27.3	59.9	-19.8	55.9	North Sawato Villas Portal
14.1	12.7	12.7	11.8	North Syliph
-24.8	29.7	-21.9	29.9	North Uziz Settlement Portal
2.2	50.3	-4.4	48.0	North Yanshi Plains Settlement Portal
-22.3	0.2	-15.0	-2.7	North Yaraq Villas Portal
41.0	-83.6	52.1	-86.2	Northern Ahurenga Plains Portal
40.0	-74.5	50.5	-68.2	Northern Manumet Plains Portal
44.5	-41.8	50.5	-68.2	Northern Manumet Plains Portal
-45.9	90.8	93.5	7.7	Northern Point
69.7	-20.2	83.1	-27.9	Northfire Estates Portal
-74.8	17.9	83.2	35.4	Northreach Portal
-10.4	45.8	93.9	-5.9	Northwater Cottages Portal
-49.4	-70.8	5.5	-87.5	Northwest Direlands Portal
79.9	-15.2	5.5	-87.5	Northwest Direlands Portal
84.1	47.2	5.5	-87.5	Northwest Direlands Portal
33.0	59.4	72.0	52.1	Norvale Portal
-50.2	63.5	-49.7	40.2	Oboro Portal
-98.0	-94.7	-48.0	-65.0	Obsidian Rim Portal
5.5	-87.5	-48.0	-65.0	Obsidian Rim Portal
-87.7	-65.1	68.5	79.7	Olthoi Tunnel
-62.8	96.2	64.1	80.6	Olthoi Tunnel
12.5	-0.0	67.4	80.3	Olthoi Tunnel
63.5	81.9	32.4	56.3	Olthoi Tunnel
64.1	82.5	69.8	18.8	Olthoi Tunnel
64.1	80.6	-62.8	96.2	Olthoi Tunnel
65.2	82.0	-14.2	43.1	Olthoi Tunnel
65.2	80.7	42.0	-82.7	Olthoi Tunnel
65.4	83.6	-75.2	21.5	Olthoi Tunnel
65.7	80.3	86.1	-52.3	Olthoi Tunnel
66.5	80.2	-93.3	-50.4	Olthoi Tunnel
67.4	80.3	12.4	0.0	Olthoi Tunnel
67.5	79.8	-26.9	94.9	Olthoi Tunnel
68.5	79.7	-87.8	-65.1	Olthoi Tunnel
-30.4	94.6	-46.3	87.3	Ong-Hau Village Portal
2.2	50.5	5.5	40.8	Osric Cottages Portal
-21.6	-74.5	-24.0	-57.8	Outside Accursed Halls Portal
-77.4	28.0	-75.7	28.2	Outside Linvak Tukal
17.7	61.5	69.6	60.9	P'rnelle Acres Portal
-0.8	19.0	11.0	26.4	Palm-of-Stone Villas Portal
63.1	76.4	66.3	84.2	Passage to Olthoi Island
63.7	75.6	69.6	80.7	Passage to Olthoi Island
17.6	63.5	58.5	-10.3	Patriarch's Valley
66.2	14.2	75.3	27.2	Patron's Honor Cottages Portal
66.4	14.3	87.6	14.5	Pavanne Vale Freehold Portal
-82.9	48.0	23.3	-49.6	Peril's Edge Cottages Portal
-33.6	13.0	-44.0	8.7	Pillars-on-the-Sea Cottages Portal
-41.4	82.2	58.6	-41.6	Pine Deep Portal
27.9	29.6	45.7	14.6	Pine Hillock Settlement Portal
87.6	-69.7	90.6	-51.3	Plains of Ruin
-49.4	25.9	-56.9	32.2	Plainsview Cottages Portal
44.4	-43.5	45.3	-44.3	Plateau Base
45.4	-42.3	35.8	-39.1	Plateau Hollow Settlement Portal
43.2	-43.3	44.4	-43.5	Plateau Top
45.3	-44.2	44.4	-43.5	Plateau Top
-60.9	80.3	96.3	7.1	Point Tremblant Portal
79.8	57.4	33.3	56.6	Portal to Arwic
21.0	69.1	25.9	48.4	Portal to Cragstone
21.0	69.3	-38.9	82.6	Portal to Hebian-To
3.9	-72.5	4.0	-73.7	Portal to Lighthouse
-75.7	28.2	-77.8	28.0	Portal to Linvak Tukal
-75.0	19.5	87.3	-70.8	Portal to Silyun
76.6	-58.7	87.3	-70.9	Portal to Silyun
90.6	-51.1	87.3	-70.9	Portal to Silyun
95.6	-56.2	87.3	-70.9	Portal to Silyun
-38.1	-60.3	2.3	-0.8	Precarious Sojourn Exit Portal
66.3	14.3	56.7	20.2	Prosper River Headwaters Portal
-40.8	81.9	-74.7	19.6	Qalaba'r Portal
-74.8	17.9	-67.6	14.6	Qalaba'r Seaside Villas Portal
-74.8	17.8	-66.4	21.8	Qalabar Oasis Settlement Portal
66.3	80.4	67.8	81.6	Queen's Burrow
67.6	80.2	68.0	81.8	Queen's Burrow
45.3	-42.3	52.1	-39.9	Rahvard Square Portal
28.0	29.6	18.2	22.7	Redrock Cottages Portal
69.7	-20.2	54.5	-19.9	Regina Cottages Portal
-49.5	26.0	39.3	-29.6	Rending Talon Cottages Portal
-49.3	26.0	30.4	-18.2	Rethux Vale Portal
-1.1	18.9	-6.4	4.2	Return of Mumiyah Cottages Portal
5.7	4.2	34.4	0.7	Reviled Maw Cottages Portal
45.4	-42.4	47.1	-39.3	Rhynntal Cottages Portal
-21.5	-74.7	-53.0	61.1	Ridge Tower
-50.1	63.4	-47.9	51.1	Ring of Crystals Estates Portal
27.2	47.3	28.6	48.0	River Bridge Portal
28.5	48.0	27.1	47.4	River Bridge Portal
28.8	6.7	55.9	-52.2	River Mouth
-11.4	37.6	-2.3	63.3	Riverbend
2.2	50.5	-3.5	64.7	Riverbend Cottages Portal
45.5	-42.3	51.6	-50.2	Rivermouth Villas Portal
-74.8	17.9	-63.1	35.4	Ro-Nan Portal
45.5	-42.5	45.6	-36.0	Rytheran Dale Portal
-41.5	82.1	-44.6	75.3	Sai-Nan Portal
-0.9	19.0	-6.5	15.5	Samsur Butte Cottages Portal
-41.5	82.1	-22.4	68.7	San-Chin Portal
12.7	-1.7	19.2	-18.3	Sanai Portal
-74.8	17.6	31.2	-11.9	Sanam Batal Villas Portal
-24.9	29.8	-13.7	17.3	Sand Kings Cottages Portal
-74.8	17.9	-12.7	0.9	Sand Shallow Cottages Portal
-1.0	19.0	5.7	30.8	Sand's Edge Portal
-49.3	25.9	-39.9	23.2	Sands-of-the-Skull Cottages Portal
-27.2	59.9	-31.7	63.3	Sawato Foothills Settlement Portal
-74.8	17.9	-86.4	37.7	Scimitar Lake Cottages Portal
-27.2	60.0	-21.9	65.6	Sclavavania Portal
69.5	-20.2	88.2	-13.4	Seaview Ridge Cottages Portal
32.9	59.3	51.9	67.2	Secluded Valley Cottages Portal
32.9	59.4	52.0	64.0	Sennon Valley Retreat Portal
-49.4	26.0	-50.5	11.7	Serpent Hills Settlement Portal
66.4	14.3	62.5	8.3	Shaky Ledge Cottages Portal
-50.2	63.4	-54.4	43.1	Shara Portal
12.7	-1.8	15.0	-6.4	Sharvale Portal
-41.5	82.2	-40.8	76.7	Shian-To Cottages Portal
-49.4	25.9	-40.0	36.1	Shield of Ispar Villas Portal
-61.0	80.3	29.5	-33.5	Shield of Valor Cottages Portal
-83.5	47.1	-27.9	68.4	Sho Roadside
-62.6	-50.2	-27.9	68.4	Sho Roadside
64.9	13.6	-27.9	68.4	Sho Roadside
80.6	-44.4	-27.9	68.4	Sho Roadside
-60.8	80.2	12.0	-15.9	Shore Vista Cottages Portal
-31.3	72.6	-36.7	68.5	Shou-Zin Portal
8.7	60.8	-0.4	68.2	Siege Road Settlement Portal
8.8	60.8	3.0	65.7	Siege Road Villas Portal
-74.8	17.7	-81.9	17.1	Simda'r Villas Portal
-80.6	-37.4	0.4	-80.1	Slaughterhouse
8.8	60.8	3.2	60.1	Slinker Meadows Portal
17.5	61.6	34.7	-49.0	Sliver-of-BlueCottages Portal
-62.1	-52.3	-62.1	-50.5	Small Black Hill
-62.0	-50.0	-62.1	-50.5	Small Black Hill
-62.1	-50.4	-62.0	-50.0	Small Hill Base
-29.1	91.7	-29.6	91.3	Smugglers Fort
-10.2	45.7	-15.1	55.6	Snakehead Portal
-30.5	94.6	85.3	-8.8	Snowy Valley Portal
26.3	46.3	20.1	33.6	Solstice Hill Portal
27.8	29.5	24.8	15.3	Soltan Villas Portal
69.6	-20.2	76.7	-36.1	Sonel Portal
-60.8	80.2	60.8	19.3	Songview Portal
-49.2	25.9	-43.9	35.2	Sonpay Portal
-82.8	48.1	-80.6	56.0	South Adjamaer Cottages Portal
33.0	59.4	35.6	65.5	South Beach Pass Villas Portal
16.3	14.7	17.3	16.0	South Bellig
12.7	11.8	14.1	12.7	South Dalt
-80.1	-42.4	-84.2	-34.4	South Direlands Portal
-78.0	-48.7	-84.2	-34.4	South Direlands Portal
-72.7	-43.1	-84.2	-34.4	South Direlands Portal
-62.2	77.1	-84.2	-34.4	South Direlands Portal
14.6	13.2	15.7	14.2	South Gemm
-41.5	82.2	-44.0	80.4	South Hebian-To Cottages Portal
-41.5	82.2	-45.4	83.1	South Hebian-To Estates Portal
-49.4	25.9	-52.6	27.7	South Khayyaban Cottages Portal
2.3	50.4	-2.3	53.9	South Lytelthorpe  Portal
-52.8	67.3	-52.3	67.9	South Osteth Peak
-54.6	62.7	-86.2	39.6	South Shore Heights
-41.5	82.1	-40.6	69.3	South Shoushi Villas Portal
-27.3	60.0	-12.7	72.8	South Siege Villas Portal
-24.8	29.6	-34.3	29.3	South Uzis Villas Portal
26.2	46.3	17.4	48.7	South Victory Harbor Portal
-22.3	0.2	-26.6	1.5	South Yaraq Cottages Portal
19.7	17.8	20.8	18.5	South Zabool
32.9	59.4	28.7	59.7	Southeast Arwic Settlement Portal
-18.7	6.8	56.8	12.9	Southern Mt. Esper
-74.9	17.8	-75.8	37.0	Southern Park Portal
-41.5	82.2	-43.1	87.2	Southwest Hebian-To Settlement Portal
-49.5	26.0	-54.7	40.2	Spire Hills Settlement Portal
-0.9	19.1	1.6	21.7	Stone Face Oasis Villas Portal
-1.0	19.0	5.0	16.2	Stone Scar Settlement Portal
-49.5	26.0	35.7	-32.7	Stone Scythe Stronghold Portal
66.2	14.3	78.3	1.0	Stone Triad Dell Portal
12.6	-1.8	14.6	22.7	Stonebend Cottages Portal
-41.4	82.2	-25.7	79.4	Stoneport Villas Portal
66.3	14.4	59.0	7.9	Stonerune Cottages Portal
-74.8	17.7	-85.7	17.0	Stormbrow Portal
45.5	-42.5	56.0	-35.1	Stormtree Villas Portal
17.5	61.5	19.9	57.3	Strathelar's Watch Cottages Portal
51.6	-73.1	52.0	-73.0	Surface
51.8	-73.3	52.0	-73.0	Surface
82.5	-6.5	82.8	-6.4	Surface
83.0	-6.7	82.8	-6.4	Surface
-10.3	45.6	-23.9	44.4	Swamp Temple Place Portal
66.5	14.1	80.8	-35.1	Sweet Maple Cottages Portal
-49.4	26.0	-38.7	39.3	Taklihuan Settlement Portal
-50.2	63.5	-45.8	67.2	Tanshi Portal
-10.3	45.6	31.3	36.2	Taralla Portal
-33.4	13.2	28.2	-25.4	Tarn Vinara Villas Portal
-50.2	63.4	-60.0	44.4	Tattered Ridge Portal
80.3	54.4	70.4	50.5	Temple Exit
70.4	50.5	79.7	54.4	Temple of N'cthail
-1.1	18.9	91.3	5.4	Tharesun Portal
-25.0	29.8	-28.8	21.1	Thasali Cottages Portal
-52.4	68.6	-51.5	68.8	The Lee Side of The Mountain
-52.8	69.1	-52.3	68.6	The Old Keep
69.7	-20.1	81.6	-20.7	Thyrinn Cant Cottages Portal
-41.4	82.1	27.9	-28.8	Tia-Leh Homestead Portal
26.2	46.4	17.3	36.1	Tinkelo Hold Villas Portal
12.6	-1.7	40.7	-5.5	Tiofor Deeps Portal
-30.5	94.5	-38.4	92.1	Tou-Tou Penninsula Cottages Portal
-30.5	94.5	-42.2	90.9	Tou-Tou Road Villas Portal
-39.8	-54.6	-8.1	74.0	Town of Dryreach
-12.2	41.7	-12.8	41.7	Trap Floor Portal
-12.2	41.8	-12.8	41.7	Trap Floor Portal
-12.2	41.7	-12.8	41.7	Trap Floor Portal
-12.1	41.8	-12.8	41.7	Trap Floor Portal
-12.1	41.7	-12.8	41.7	Trap Floor Portal
-12.1	41.7	-12.8	41.7	Trap Floor Portal
-12.1	41.7	-12.8	41.7	Trap Floor Portal
-12.1	41.8	-12.8	41.7	Trap Floor Portal
-12.1	41.8	-12.8	41.7	Trap Floor Portal
-12.1	41.8	-12.8	41.7	Trap Floor Portal
-12.1	41.8	-12.8	41.7	Trap Floor Portal
-12.1	41.7	-12.8	41.7	Trap Floor Portal
-12.1	41.8	-12.8	41.7	Trap Floor Portal
-12.1	41.7	-12.8	41.7	Trap Floor Portal
-12.0	41.8	-12.8	41.7	Trap Floor Portal
-12.0	41.7	-12.8	41.7	Trap Floor Portal
-12.0	41.8	-12.8	41.7	Trap Floor Portal
-12.0	41.7	-12.8	41.7	Trap Floor Portal
-11.9	41.7	-12.8	41.7	Trap Floor Portal
-11.9	41.8	-12.8	41.7	Trap Floor Portal
-11.9	41.8	-12.8	41.7	Trap Floor Portal
5.6	4.2	36.0	4.1	Tusker Notch Portal
45.6	-42.4	39.2	-32.6	Two Hills Cottages Portal
45.5	-42.5	42.5	-29.5	Tyrrin Cottages Portal
5.6	4.2	13.6	16.2	Unified Heart Villas Portal
69.6	-20.3	60.2	-23.9	Verena Portal
-60.8	80.3	-68.0	78.0	Vesayan Overlook Portal
-65.7	84.9	-72.5	81.3	Vesayen Isles Portal
-43.3	-49.0	-72.5	81.3	Vesayen Isles Portal
61.7	48.6	-72.5	81.3	Vesayen Isles Portal
-27.3	59.9	-18.2	63.3	Village Quan Portal
-74.9	17.8	-60.5	18.5	Villalabar Portal
-24.8	29.6	-13.8	26.5	Vulture's Eye Villas Portal
-24.1	-57.7	-21.6	-74.6	Walled Portals
-50.1	63.4	-49.8	56.8	West Baishi Settlement Portal
40.2	35.1	46.5	40.5	West Holtburg Villas Portal
-60.8	80.4	-61.1	73.7	West Mayoi Mountain Villas Portal
27.9	29.4	75.4	40.1	West Norstead Portal
8.7	61.0	11.9	48.1	West Rithwic Estates Portal
-27.1	60.0	-30.8	53.5	West Sawato Cottages Portal
-24.9	29.8	-25.9	22.7	West Uziz Settlement Portal
-10.2	45.7	-21.9	41.0	West Yanshi Namoon Portal
12.6	-1.8	16.9	-9.5	West Zaikhal Freehold Portal
-30.4	94.5	61.5	-52.3	Westshore Cottages Portal
68.6	-23.3	71.6	-29.8	Westward Portal
27.8	29.5	34.1	13.5	Whispering Pines Cottages Portal
-22.4	0.3	-25.4	10.4	Wi Badlands Settlement Portal
45.5	-42.5	37.6	-49.0	Wilomine Villas Portal
66.2	14.1	62.6	3.2	Windrune Cottages Portal
69.5	-20.2	84.0	-1.6	Wisp Lake Cottages Portal
45.6	-42.4	31.1	-28.8	Wolfenvale Portal
40.2	35.1	43.9	18.4	Woodsbane Cottages Portal
69.6	-20.2	77.8	-44.2	Woodshore Cottages Portal
-60.8	80.4	-78.4	60.2	Xinh Portal
-10.3	45.6	-19.0	44.4	Yanshi Namoon North Portal
45.4	-42.4	35.2	-36.1	Yee Villas Portal
-0.9	18.9	-9.5	33.3	Yinar Portal
-82.8	48.1	-71.8	47.3	Yukikaze  Portal
-0.9	19.0	-12.0	23.6	Yushad Ridge Cottages Portal
27.9	29.5	22.7	22.7	Zabool Overlook Settlement Portal
-77.2	19.8	13.5	0.7	Zaikhal Portal
45.3	-42.3	76.0	35.3	Zatara Portal
-27.2	59.8	-35.2	46.6	Zin-Dai Portal
